DNO;DNAME;DSNAME;DADD1;DADD2;DADD3;DPCODE;DTEL;TEL2;DFAX;EMAIL;DELAD1;DELAD2;DELAD3;DELAD4;DCONTACT;DTAXNO;DAREA;DBALBFWD;DCRNT;D30;D60;D90;D120;D150;D180;DSALESM;DSALESY;DPROFITM;DPROFITY;DAMTLPD;DDATLPD;DDISCPER;DCLIMIT;DINTFLAG;PRICE;ACCTYPE;TERMS;PDISC;DISCPRN;DPOSBAL;BLOCKFLAG;DATEOPENED;VATREF;NOTES
42;MANGANI WAMI (PTY)LTD T/A WATSON MOTORS;WATSO;UNIT 2B NORTH PARK;2 NORTH STREET;PIETERMARITZBURG;3201;033-3455108;;;admin@watsonmotors.co.za;;;;;MITHESH;;1;3690.04;0.0;0.0;600.0;1120.02;0.0;0.0;0.0;0.0;5017.43;0.0;4081.35;1970.02;2026/02/05;0.0;15000.0;N;1;;30;0.0;N;N;2;2021/06/30;N/A;
91;BLOMEYERS ELECTRICAL;BLOM;POSTNET SUITE 88;PRIVATE BAG X9118;PIETERMARITZBURG;3200;3924250;;3940991;zinhlen@blomeyers.com;240 VICTORIA ROAD;P.M.BURG;;;ZINHLE;;1;0.0;0.0;0.0;0.0;0.0;0.0;0.0;0.0;0.0;0.0;0.0;0.0;510.01;2025/02/21;0.0;20000.0;N;1;;30;2.5;N;N;3;;4210189090;
123;CANADIAN CAR SALES;CANAD;90 ROSEDALE ROAD;MOUNTAIN RISE;PIETERMARITZBURG;3201;844412786;0844412786 SHIR;0844413786 MAH;sessa7861@gmail.com;;;;;MOHAMMED;;1;2500.01;0.0;2500.01;0.0;0.0;0.0;0.0;0.0;0.0;4818.41;0.0;1884.15;243.76;2025/09/08;0.0;20000.0;N;1;;30;0.0;N;N;3;;;
191;CREIGHTON FARMERS AGENCY [PTY] LTD;CREIG;P O BOX 12;CREIGHTON;3263;;039-8331036;;039-8331172;cfa@futurenet.co.za;;;;;ELISE/ALISON;;1;0.0;0.0;0.0;0.0;0.0;0.0;0.0;0.0;0.0;5643.48;0.0;2423.48;6490.0;2025/07/28;0.0;5000.0;N;1;;30;0.0;N;N;3;;4090102718;
294;ABSA VEHICLE MANAGEMENT SOLUTIONS[PTY]LT;ABSA;ACC:4059751674 BR:331155;PO BOX 785800;SANDTON;2146;011-6859737;AUTH 0116859700;866155296;sam.hiq@sai.co.za;;;;SUPPLIER CODE: 23909;;;1;0.0;0.0;0.0;0.0;0.0;0.0;0.0;0.0;0.0;350.0;0.0;296.64;402.5;2025/12/05;0.0;50000.0;N;1;;30;2.5;N;N;3;;4820146381;
347;GOVENDERS GARAGE [PTY]LTD;GOVEN;PO BOX 7829;CUMBERWOOD;3235;;3420415/3940930;;;jgovender@lantic.net;;;;;;;1;0.0;0.0;0.0;0.0;0.0;0.0;0.0;0.0;0.0;0.0;0.0;0.0;0.0;;0.0;5000.0;N;1;;30;0.0;N;N;3;;4080236971;
383;HOLTS MOTORS;HOLTS;P.O. BOX 3010;PIETERMARITZBURG;3200;;832798092;;;holts2008@gmail.com;;;;;AMANDA;;1;0.0;0.0;0.0;0.0;0.0;0.0;0.0;0.0;0.0;1895.66;0.0;896.36;2180.01;2025/11/05;0.0;5000.0;N;1;;30;0.0;N;N;2;;;
558;NATAL ASSOCIATED AGENCIES;NATAL;183 PIETERMARITZ STREET;PIETERMARITZBURG;3200;3200;033-3941233;;033-3452005;naa@telkomsa.net;;;;;;;1;0.0;0.0;0.0;0.0;0.0;0.0;0.0;0.0;0.0;0.0;0.0;0.0;0.0;;0.0;5000.0;N;1;;30;2.5;N;N;1;;4540318260;
614;MCCARTHY TOYOTA;MCCAR;P O BOX 3186;PRETORIA;1;;8978100;012-3345500;943467;veronicas@mcmotor.co.za;INV TO PMB FOR AUTH;P.O.BOX 406 PMB 3200;;;;ROCHELLE;1;0.0;0.0;0.0;0.0;0.0;0.0;0.0;0.0;0.0;0.0;0.0;0.0;11650.02;2023/06/05;0.0;100000.0;N;1;;30;2.5;N;N;1;;4330165889;
666;ENX CORPORATION T/A;EQSTR;EQSTRA FLEET MANAGEMENT;P BAG X10017;EDENVALE;1610;011-4587555;;866155296;;AUTH-011-4587600;PUT ORDER NUMBER AND;CASE NO ON ALL INVOICES;MERCH NO 6938;;;1;0.0;0.0;0.0;0.0;0.0;0.0;0.0;0.0;0.0;0.0;0.0;0.0;8398.54;2022/06/11;0.0;100000.0;N;1;;30;2.5;N;N;3;;4460246962;
827;NMI DURBAN SOUTH MOTORS [PTY]LTD;GARDE;T/A GARDEN CITY COMMERCIA;P O BOX 116;PIETERMARITZBURG;3200;033-3975600 (SP;;033-3979778;melisha.pillay@nmidsm.co.za;ONLY USE FOR O/N STARTING;WITH 15C..........;;;VALLAN;ACC 5341;1;0.0;0.0;0.0;0.0;0.0;0.0;0.0;0.0;0.0;0.0;0.0;0.0;0.0;;0.0;10000.0;N;1;;30;2.5;N;N;3;;4430203143;
69;BARONS PIETERMARITZBURG;BARON;P.O.BOX 787;PIETERMARITZBURG;3200;;033 - 8453100;;033 - 8453134;umash.singh@baronsvw.co.za;ARMITAGE ROAD;BIRD SANTUARY;;;45 DAYS / JERRY;;1;0.0;0.0;0.0;0.0;0.0;0.0;0.0;0.0;0.0;0.0;0.0;0.0;2070.0;2019/06/29;0.0;20000.0;N;1;;30;2.5;N;N;3;;4570122012;
706;ROGLO PANELBEATERS;ROGLO;29 NORTH STREET;PIETERMARITZBURG;3201;;033-3422769;033-3454651;;roglocc@telkomsa.net;;;;;TONY;;1;0.0;0.0;0.0;0.0;0.0;0.0;0.0;0.0;0.0;0.0;0.0;0.0;7280.05;2023/04/17;0.0;5000.0;N;1;;30;2.5;N;N;2;;;
781;STEEL AND PIPE;STEEL;PO BOX 11042;DORPSPRUIT;3206;;3949567;;;info@steelandpipetrading.co.za;;;;;;;1;0.0;0.0;0.0;0.0;0.0;0.0;0.0;0.0;0.0;0.0;0.0;0.0;0.0;;0.0;0.0;N;1;;0;0.0;N;N;3;;;
321;NMI DURBAN SOUTH MOTORS [PTY]LTD;GARDE;T/A GARDEN CITY MOTORS;P O BOX 1600;PIETERMARITZBURG;3200;3975300;;3970528;sadhna.utampersad@nmidsm.co.za;;;;ONLY ORDERS 14.........;TREVOR;;1;0.0;0.0;0.0;0.0;0.0;0.0;0.0;0.0;0.0;0.0;0.0;0.0;0.0;;0.0;30000.0;N;1;;30;0.0;N;N;4;;4430203143;
591;NEIL WOOLRIDGE MOTORS;NEIL;2 COMMERCIAL ROAD;2 COMMERCIAL ROAD;PIETERMARITZBURG;3201;3453519;;3453524;office@nwm.co.za;;;;;RONEL;;1;0.0;0.0;0.0;0.0;0.0;0.0;0.0;0.0;0.0;0.0;0.0;0.0;0.0;;0.0;15000.0;N;1;;30;2.5;N;N;3;;4700186002;
203;DATCENTRE PIETERMARITZBURG;DATCE;P.O.BOX 529;PIETERMARITZBURG;3200;3200;033-8977400;031-7005410;8977444;cc701@cmh.co.za;;;;;CATHERINE;;1;14814.91;1285.0;6980.0;7834.9;0.0;0.0;0.01;0.0;1117.39;60486.07;477.39;21348.62;5280.01;2026/01/09;0.0;90000.0;N;1;;30;2.5;N;N;Y;;4440111914;
365;HAYFIELDS SERVICE CENTRE;HAYFI;P O BOX 1122;PIETERMARITZBURG;3201;;3962339;;;camryclerk@iafrica.com;;;;;DEBI;;1;0.0;0.0;0.0;0.0;0.0;0.0;0.0;0.0;0.0;0.0;0.0;0.0;0.0;;0.0;10000.0;N;1;;30;2.5;N;N;2;;4580104810;
373;MR EXHAUST MR TYRE [PIETERMARITZBURG];MREX;WILD BREAK 1107 CC   T/A;85 COMMERCIAL ROAD;PIETERMARITZBURG;3201;033-3425923;033-3425916;033-3425909;lford@axxess.co.za;;;;;SINGH;;1;2593.0;1660.0;2593.0;0.0;0.0;0.0;0.0;0.0;1443.48;30915.64;241.24;5036.2;3461.25;2025/11/01;0.0;350000.0;N;1;;30;2.5;N;N;3;;4910201120;
408;IRRITECH AGENCIES INTERNATIONAL CC;IRRIT;BOX 11398;DORPSPRUIT;3206;;3423177;;3940539;accounts@irritechsa.co.za;;;;;DEE;;1;0.0;0.0;0.0;0.0;0.0;0.0;0.0;0.0;0.0;9000.0;0.0;3179.84;10350.0;2026/02/02;0.0;10000.0;N;1;;30;0.0;N;N;Y;;4360244398;
822;TEGS TIMBERS;TEG;PO BOX 100113;SCOTTSVILLE;3209;;8461300;;031-7021846;;;;;VAT REG:4780103380;60 DAY ROSHILLA;MARGE 031-7021300;1;0.0;0.0;0.0;0.0;0.0;0.0;0.0;0.0;0.0;0.0;0.0;0.0;0.0;;0.0;20000.0;N;1;;30;2.5;N;N;3;;4780103380;
896;WINDOW & DOOR SPECIALIST CC;WINDO;P.O.BOX 11171;DORPSPRUIT;DORPSPRUIT;3206;033 - 3946541;033 - 3946542;033 - 3947990;windorpmb@gmail.com;26 WINSTON ROAD;PIETERMARITZBURG;;;IAN;;1;0.0;0.0;0.0;0.0;0.0;0.0;0.0;0.0;0.0;478.26;0.0;404.9;146.24;2025/12/31;0.0;5000.0;N;1;;30;0.0;N;N;Y;;4700165105;
22;TOP CROP NURSERY;TOP;P O BOX 32;CRAMOND;3220;;033-5691333;;033-5691336;miche@superlawn.co.za;;;;;;;1;0.0;0.0;0.0;0.0;0.0;0.0;0.0;0.0;0.0;0.0;0.0;0.0;150.01;2023/04/03;0.0;10000.0;N;1;;30;2.5;N;N;3;;4450101318;
374;HILTON ROAD GARAGE;HIL;POST NET;SUITE H11;PRIVATE BAG X9118;3200;3433275;0836322845-PETE;3433189;;;;;;ROSIE;;1;0.0;0.0;0.0;0.0;0.0;0.0;0.0;0.0;0.0;0.0;0.0;0.0;0.0;;0.0;10000.0;N;1;;30;0.0;N;N;3;;4040177844;
795;SUPA QUICK PIETERMARITZBURG;SUPAP;FOURWAYS FITMENT CC;168 GREYLING STREET;PIETERMARITZBURG;3201;033-3420681;033-3427732;033-3424687;supaquickpmb@sai.co.za;;;;;;(1)JUNE'95 (2)AUG'97;1;8831.21;13019.64;8831.21;0.0;0.0;0.0;0.0;0.0;11321.43;43637.16;435.45;5175.79;4066.65;2026/01/20;0.0;0.0;N;1;;0;0.0;N;N;1;;4870151562;
200;MCCARTHY TOYOTA TRUCKS;MCC;P O BOX 47395;GREYVILLE;4023;;031-3087300;;031-7001807;veronicas@mcmotor.co.za;;;;CB DOWNES ROAD;PHUMLANI;PMB 3869241;5;0.0;0.0;0.0;0.0;0.0;0.0;0.0;0.0;0.0;0.0;0.0;0.0;4200.02;2022/07/05;0.0;20000.0;N;1;;30;0.0;N;N;3;;;
513;METRO CAR SALES;METRO;P.O.BOX 8280;CUMBERWOOD;3235;3235;033-3942595;;;info@metrocars.co.za;;;;;;;1;0.0;0.0;0.0;0.0;0.0;0.0;0.0;0.0;0.0;608.7;0.0;334.86;550.0;2025/12/29;0.0;10000.0;N;1;;30;2.5;N;N;Y;;4330106552;
186;CORDWALLES SCHOOL;CORDW;PRIVATE BAG 9063;PIETERMARITZBURG;3200;;3948133;;;;;;;;3423077;;1;0.0;0.0;0.0;0.0;0.0;0.0;0.0;0.0;0.0;0.0;0.0;0.0;170.0;2023/12/05;0.0;10000.0;N;1;;30;0.0;N;N;1;;;
797;SUPA QUICK DURBAN NORTH;SUPAD;THREEWAYS FITMENT CC  T/A;19 WATERKANT ROAD;DURBAN NORTH;4053;031-5634216;031-5634217;031-5634218;supaquickdurbannorth@sai.co.za;;;;;01/10/1994 -->;;1;0.0;0.0;0.0;0.0;0.0;0.0;0.0;0.0;0.0;0.0;0.0;0.0;2392.0;2024/12/02;0.0;0.0;N;1;;0;0.0;N;N;1;;4010147496;
3;NMI DSM [PTY]LTD T/A BARLOWORLD FORD PMB;BARL;CHATTERTON ROAD;PIETERMARITZBURG;3201;;033-3924444;;;mike.kunene@bwmr.co.za;;;;;ANELE;;1;0.0;0.0;0.0;0.0;0.0;0.0;0.0;0.0;0.0;0.0;0.0;0.0;1250.0;2022/04/30;0.0;15000.0;N;1;;30;0.0;N;N;3;2016/05/19;4370296081;
4;BARLOWORLD MAZDA;BARLO;PO BOX 212;PIETERMARITZBURG;3201;;033-3924444;;;hamilton.ndlovu@bwmr.co.za;;;;;HAMILTON;;1;0.0;0.0;0.0;0.0;0.0;0.0;0.0;0.0;0.0;0.0;0.0;0.0;3740.0;2017/10/13;0.0;15000.0;N;1;;30;0.0;N;N;2;2016/05/19;4710267461;
8;FLEET: CONTITRADE AFRICA [7272726];CONTI;PO BOX 1352;HONEYDEW;2040;;011-7941515;;;fleet.admin@conti.co.za;;;;;RENNIE;;1;0.0;0.0;0.0;0.0;0.0;0.0;0.0;0.0;0.0;18322.92;0.0;8548.54;448.5;2025/11/03;0.0;100000.0;N;1;;30;0.0;N;N;3;2016/09/23;4910263237;
35;GLASFIT CENTRE PIETERMARITZBURG;GLAS;1 WEST STREET;PIETERMARITZBURG;;3201;333 455 258;;;accounts@glasfitpmb.co.za;;;;;;;1;2350.0;0.0;2350.0;0.0;0.0;0.0;0.0;0.0;0.0;9547.83;0.0;3535.51;3730.0;2025/12/17;0.0;10000.0;N;1;;30;0.0;N;N;4;2025/08/07;4590196723;
97;BOLT & NUT CENTRE;BOLT;GONUT CC           T/A;51 VICTORIA ROAD;PIETERMARITZBURG;3201;3425393;;;;;;;;DAPHNE (ACC);;1;0.0;0.0;0.0;0.0;0.0;0.0;0.0;0.0;0.0;0.0;0.0;0.0;0.0;;0.0;5000.0;N;1;;30;2.5;N;N;2;;4840208898;
135;CARTER HIGH SCHOOL;CARTE;PRIVATE BAG X3;CASCADES;3202;;451922;;;;;;;;;;1;0.0;0.0;0.0;0.0;0.0;0.0;0.0;0.0;0.0;0.0;0.0;0.0;0.0;;0.0;0.0;;1;;0;0.0;;;N;;;
196;AUTOMOTIVE COMPONENTS CENTRE CC;AUTO;132 GREYLING STREET;PIETERMARITZBURG;3201;;033-3427221;;;admin@sapartszone.co.za;;;;;ANESH;;1;0.0;0.0;0.0;0.0;0.0;0.0;0.0;0.0;0.0;0.0;0.0;0.0;0.0;;0.0;5000.0;N;1;;30;2.5;N;N;2;;4400184505;
327;MRS J E GELDART;GELD;AMBERFIELD;PRIVATE BAG X010;HOWICK;3290;033-9970990;829289890;;;;;;;MRS GELDART;;1;0.0;0.0;0.0;0.0;0.0;0.0;0.0;0.0;0.0;0.0;0.0;0.0;0.0;;0.0;2000.0;N;1;;30;0.0;N;N;3;;4210215622;
345;S. GOUWELOOS;GOU;P O BOX 20144;ASHBURTON;3200;;836595311;;;sjorsfee@gmail.com;;;;;FIONA GOUWELOOS;;1;0.0;0.0;0.0;0.0;0.0;0.0;0.0;0.0;0.0;0.0;0.0;0.0;4910.02;2024/03/01;0.0;10000.0;N;1;;30;2.5;N;N;3;;;
356;H B FARM SERVICES;H B F;P O BOX 11736;DORPSPRUIT;3206;;3450111;;829 260 131;;;;;;;;1;0.0;0.0;0.0;0.0;0.0;0.0;0.0;0.0;0.0;0.0;0.0;0.0;0.0;;0.0;1000.0;N;1;;30;2.5;N;N;2;;4750104806;
407;IRRIGATION AND DRAINAGE;IRRIG;P.O BOX 22045;MAYORSWALK;3208;;3454423;;3422080;irrigation@telkomsa.net;;;;93 VICTORIA ROAD;KIRSTEN;DARREL 0721252731;1;0.0;0.0;0.0;0.0;0.0;0.0;0.0;0.0;0.0;0.0;0.0;0.0;0.0;;0.0;5000.0;N;1;;30;0.0;N;N;1;;4220179420;
460;LINPARK HIGH SCHOOL;LINP;P O BOX 21477;MAYORS WALK;3208;3208;441544;;442219;;;;;;;;1;0.0;0.0;0.0;0.0;0.0;0.0;0.0;0.0;0.0;0.0;0.0;0.0;0.0;;0.0;0.0;N;1;;0;0.0;N;N;N;;;
612;MR R.A. OLDFIELD;OLD;P.O BOX 176;UMLAAS ROAD;3730;;033-2516108;;;robin@oldfield.co.za;;;;;ROBIN;;1;0.0;0.0;0.0;0.0;0.0;0.0;0.0;0.0;0.0;20728.7;0.0;4320.4;11738.0;2025/11/04;0.0;15000.0;N;1;;30;0.0;N;N;3;;4750258628;
722;SAINT CHARLES COLLEGE;SAINT;PRIVATE BAG X7;SCOTTSVILLE;P M BURG;3201;68235/6;;;suppliers@scc.za.com;;;;;ALEDA STEYN;;1;0.0;0.0;0.0;0.0;0.0;0.0;0.0;0.0;0.0;0.0;0.0;0.0;0.0;;0.0;0.0;N;1;;30;2.5;N;N;3;;;
738;SCOTTY'S PLANT HIRE [PTY]LTD;SCOTT;P O BOX 3219;PIETERMARITZBURG;;3200;033-3861853/14;;033-3867003;joe.sph@mweb.co.za;;;;;;;1;0.0;0.0;0.0;0.0;0.0;0.0;0.0;0.0;0.0;0.0;0.0;0.0;0.0;;0.0;10000.0;N;1;;30;0.0;N;N;3;;4080261219;
90596;NEWTON HIGH SCHOOL;NEW;PO BOX 4122;WILLOWTON;3200;;3420011;;;info@newtonschool.co.za;;;;;;;1;0.0;0.0;0.0;0.0;0.0;0.0;0.0;0.0;0.0;147.83;0.0;127.83;170.0;2025/06/12;0.0;0.0;N;1;;30;2.5;N;N;3;;;
54;AUTO SERVICES;AUTO;P.O.BOX 1615;PIETERMARITZBURG;3200;;3429922;;3429925;admin@subarupmb.co.za;EDMOND PLACE;CAMPSDRIFT;PIETERMARITZBURG;;HOWARD CHRISTIE;OPENED RE COOP 1205;1;0.0;0.0;0.0;0.0;0.0;0.0;0.0;0.0;0.0;0.0;0.0;0.0;6009.53;2023/10/23;0.0;25000.0;N;1;;30;2.5;N;N;3;;4150108399;
74;BATTERY CENTRE;BATT;P.O.BOX 1752;PIETERMARITZBURG;3200;3200;422406;;;;61 LONGMARKET STR;PMB;3201;VAT REG:4700108386;;;1;0.0;0.0;0.0;0.0;0.0;0.0;0.0;0.0;0.0;0.0;0.0;0.0;0.0;;0.0;0.0;N;1;;0;0.0;N;N;N;;4700108386;
634;PETER BAXTER PANEL BEATERS;PETER;P.O.BOX 8275;CUMBERWOOD;3235;3235;3453814;;;;;;;401 GREYLING STREET;;;1;0.0;0.0;0.0;0.0;0.0;0.0;0.0;0.0;0.0;0.0;0.0;0.0;2266.01;2018/12/07;0.0;15000.0;N;1;;30;0.0;N;N;3;;4050104035;
679;RAMSAY ENGINEERING;RAMSA;P.O.BOX 991;PIETERMARITZBURG;3200;3200;033-3871575;;;creditors@ramsay.co.za;;;;;;;1;-10.61;139.38;0.0;0.0;0.0;0.0;0.0;0.0;130.43;32426.14;110.43;10230.26;7690.03;2026/02/02;0.0;30000.0;N;1;;30;0.0;N;N;3;;4020102689;
1002;PMB AUTO SALES BOSHOFF STREET;PMB;104 BOSHOFF STREET;PM BURG;3201;;946098;;;melinda@pmbautosales.co.za;;;;;;;1;0.0;0.0;0.0;0.0;0.0;0.0;0.0;0.0;0.0;0.0;0.0;0.0;2200.03;2015/12/09;0.0;0.0;N;1;;0;0.0;Y;Y;N;;;
110;OVLAND TRUST T/A OVLAND CONSTRUCTION;OVLAN;P O BOX 11042;DORPSPRUIT;3206;;033-3949567;;033-3945119;duncan@ovlandconstruction.co.za;;;;NETT ACCOUNT;DUNCAN;;1;0.0;0.0;0.0;0.0;0.0;0.0;0.0;0.0;0.0;0.0;0.0;0.0;0.0;;0.0;20000.0;N;1;;30;0.0;N;N;3;;4360183935;
515;MICHAELHOUSE;MIC;PO BALGOWAN;BALGOWAN;3275;;033/2341000;;;;;;;;SHEENA;;1;0.0;0.0;0.0;0.0;0.0;0.0;0.0;0.0;0.0;0.0;0.0;0.0;0.0;;0.0;10000.0;N;1;;30;0.0;N;N;3;;;
573;NATAL IRON & BRASS FOUNDRY;NATAL;PO BOX 221;LAXMI;3207;;3866573;;3867001;thashi@mweb.co.za;;;;;ASHWIN;;1;0.0;0.0;0.0;0.0;0.0;0.0;0.0;0.0;0.0;0.0;0.0;0.0;0.0;;0.0;5000.0;N;1;;30;0.0;N;N;2;;4310105855;
816;STANDARD BANK FLEET MANAGEMENT;STAN;AUTH:0860222668;FAX:0865215348;;;011-636 2122;;866155296;;;;AUTH:0860222668;MERCH:12466514;WILLIAM;BILLY 011-6362588;1;0.0;0.0;0.0;0.0;0.0;0.0;0.0;0.0;5274.35;58632.11;2362.35;24355.54;5716.73;2026/02/06;0.0;200000.0;N;1;;30;0.0;N;N;3;;4100105461;
921;SUPA QUICK HOWICK;SUPAH;TYRE N TUBE HOWICK CC;36 MAIN ROAD;HOWICK;3290;033-3304994;033-3307750;033-3308731;supaquickhowick@sai.co.za;;;;;;OCT/NOV'95;1;0.0;0.0;0.0;0.0;0.0;0.0;0.0;0.0;0.0;5249.33;0.0;285.86;4262.57;2025/07/18;0.0;0.0;N;1;;0;0.0;N;N;1;;4640233849;
922;PMB MOTORS;PMB;P.O.BOX 11558;DORPSPRUIT;3206;;033-3946091;;;;;;;;MIKE;;2;0.0;0.0;0.0;0.0;0.0;0.0;0.0;0.0;0.0;0.0;0.0;0.0;0.0;;0.0;1000.0;Y;1;;30;2.5;Y;N;N;;;
923;C M GARLICK;GARLI;BRAMLEIGH FARM;P O BOX 114;NOTTINGHAM ROAD;3280;033-2666065;828048315;0333/36907 (H);;NO SETTLEMENT;;;OFF-033-2666065;C M GARLICK;OPENED 16/04/97;1;0.0;0.0;0.0;0.0;0.0;0.0;0.0;0.0;0.0;0.0;0.0;0.0;0.0;;0.0;5000.0;N;1;;30;0.0;N;N;3;;;
947;NEDBANK LTD;NED;P.O BOX 18543;DALBRIDGE;4014;4014;800335311;031-3720150/151;031-3720186;;;;;MERCHANT NO:90414284;ANAND / SELVIN;;1;0.0;0.0;0.0;0.0;0.0;0.0;0.0;0.0;0.0;0.0;0.0;0.0;4560.03;2019/02/08;0.0;30000.0;N;1;;30;3.0;N;N;3;;4320116074;
1010;ROSEWOOD FARM CC;ROS;P.O BOX 104;ESTON;;3740;031-7811660;;;;;;;;;;1;0.0;0.0;0.0;0.0;0.0;0.0;0.0;0.0;0.0;0.0;0.0;0.0;0.0;;0.0;10000.0;N;1;;30;0.0;N;N;3;;4320132469;
1022;PELHAM SENIOR PRIMARY SCHOOL;PEL;MELVILLE ROAD;PELHAM;P.M.BURG;3201;3861221;;3862420;;;;;;MR BOTHA;;1;0.0;0.0;0.0;0.0;0.0;0.0;0.0;0.0;0.0;0.0;0.0;0.0;0.0;;0.0;1000.0;Y;1;;0;0.0;N;N;N;;;
1045;RAPID AGRICULTURAL BROKERS;RAPID;PO BOX 11353;DORPSPRUIT;3206;;3457284;;;nini.rapid@gmail.com;;;;41 VICTORIA ROAD;ROSHILLA;;1;0.0;0.0;0.0;0.0;0.0;0.0;0.0;0.0;0.0;0.0;0.0;0.0;3290.0;2018/10/02;0.0;20000.0;N;1;;30;0.0;N;N;4;;;
1058;MSUNDUZI HOSPICE ASSOCIATION;HOSPI;P.O.BOX 22023;MAYORS WALK;3208;3208;033-3441560;;033-3442892;;;;;;TREVOR (MAINTENANCE);;1;0.0;0.0;0.0;0.0;0.0;0.0;0.0;0.0;0.0;0.0;0.0;0.0;0.0;;0.0;5000.0;N;1;;30;2.5;N;N;1;;;
1148;MAPSTONE BROTHERS;MAPS;PO BOX 27;BAYNESFIELD;3770;;332 510 480;;332 510 480;;BRASFORT PARK;BAYNESFIELD;;;MRS S MAPSTONE;SINCE 24/03/99;2;0.0;0.0;0.0;0.0;0.0;0.0;0.0;0.0;0.0;0.0;0.0;0.0;0.0;;0.0;10000.0;N;1;;30;2.5;N;N;3;;;
1167;WALTON CARPETS  MKONDENI;WALT;PO BOX 101306;SCOTTSVILLE;3209;;3868222;;3864566;waltoncarpets@sai.co.za;ROGER DE CLERK PLACE;;;;TARRYN;;1;0.0;250.01;0.0;0.0;0.0;0.0;0.0;0.0;217.4;2495.67;112.92;1220.39;2270.01;2026/01/02;0.0;5000.0;N;1;;0;0.0;N;N;3;;4690104056;
1263;CONTINENTAL TYRES SA;CONTI;P O BOX 2795;WESTWAY OFFICE PARK;WESTVILLE;3635;031-2655991;800325288;031-2655993;keshnee.narayanan@conti.co.za;;;;;KESHNEE;;1;0.0;0.0;0.0;0.0;0.0;0.0;0.0;0.0;0.0;0.0;0.0;0.0;0.0;;0.0;50000.0;N;1;;30;0.0;N;N;3;;4150175778;
1309;P.A.D.C.A.;PADCA;P O BOX 397;PIETERMARITZBURG;;3200;454303/454711;;;accounting@padca.co.za;282 LONGMARKET STREET;PIETERMARITZBURG;;3201;TANIE;19/08/96 OPENED;1;0.0;0.0;0.0;0.0;0.0;0.0;0.0;0.0;0.0;0.0;0.0;0.0;0.0;;0.0;5000.0;N;1;;30;2.5;N;N;3;;4560114870;
1322;CENPROP [PTY] LTD;CEN;P.O BOX 11051;DORPSPRUIT;3206;;3452770;;3458054;;;;;;;;1;0.0;0.0;0.0;0.0;0.0;0.0;0.0;0.0;0.0;0.0;0.0;0.0;0.0;;0.0;15000.0;N;1;;30;0.0;N;N;4;;;
1326;MACCULLYS WORKSHOP;MAC;PO BOX 13166;CASCADES;3202;;3940585;;HOME 3420421;;;;;47 RETIEF STREET;SAM;OPENED 17/10/96;1;0.0;0.0;0.0;0.0;0.0;0.0;0.0;0.0;0.0;304.35;0.0;176.43;350.0;2025/09/18;0.0;4000.0;N;1;;0;0.0;N;N;3;;;
1349;CAPITOL CATERERS;CAPIT;PO BOX 3572;PIETERMARITZBURG;3200;;3940310;;3943580;ashla@capitolcaterers.co.za;;;;121 LOOP STREET;PENNY;OPENED 22/01/97;1;0.0;0.0;0.0;0.0;0.0;0.0;0.0;0.0;0.0;0.0;0.0;0.0;0.0;;0.0;15000.0;N;1;;30;2.5;N;N;3;;4350232155;
1354;ST ANNE'S DIOCESAN COLLEAGE [C.O.D];ST;PRIVATE BAG 6002;HILTON;;3245;333 436 100;;3436199;;;;;;;;2;0.0;0.0;0.0;0.0;0.0;0.0;0.0;0.0;0.0;0.0;0.0;0.0;0.0;;0.0;0.0;N;1;;30;0.0;N;N;N;;;
9;MTSA [PTY]LTD;MTSA;P.O.BOX 100968;SCOTTSVILLE;3209;3209;033-3979560;;033-3979520;kerashia.pillay@mineralstech.com;;;;;;;1;3434.44;0.0;28.62;28.38;28.15;27.91;3350.0;0.0;0.0;2913.04;0.0;1023.89;350.0;2023/09/01;0.0;10000.0;N;1;;30;2.5;N;N;2;;4870134865;
40;SMG CLAREMONT [PTY]LTD T/A;LAND;JAGUAR LANDROVER;P O BOX 3058;PMBURG;3200;033-8978700;033-8978860;033-3944441;precious.nene@smg.co.za;;;;;RENETTE;;3;0.0;0.0;0.0;0.0;0.0;0.0;0.0;0.0;0.0;0.0;0.0;0.0;1500.0;2023/11/20;0.0;40000.0;N;1;;30;0.0;N;N;3;;4770265934;
222;ALPHA HYDRAULICS & PNEUMATICS [PTY]LTD;ALPH;P O BOX 669;LUXMI;3207;;033-3872164;;033-3873975;alphahydraulics@telkomsa.net;;;;;;;1;0.0;0.0;0.0;0.0;0.0;0.0;0.0;0.0;0.0;0.0;0.0;0.0;731.25;2018/12/28;0.0;4000.0;N;1;;30;0.0;N;N;3;;4130272208;
586;PMB AUTO SALES 300 BOOM STR;PMB;303 BOOM STREET;PIETERMARITZBURG;3200;;;;;melinda@pmbautosales.co.za;;;;;BRIAN;;1;0.0;0.0;0.0;0.0;0.0;0.0;0.0;0.0;0.0;0.0;0.0;0.0;1160.02;2015/12/09;0.0;15000.0;N;1;;30;0.0;N;N;3;;;
77;NATAL ASSOCIATED CHEMICALS PTY LTD;NATAL;P.O.BOX 100640;SCOTTSVILLE;3209;3209;3869357;;3867703;;;;;;MIKE MASON;;1;0.0;0.0;0.0;0.0;0.0;0.0;0.0;0.0;0.0;0.0;0.0;0.0;0.0;;0.0;50000.0;N;1;;30;2.5;N;N;3;;4550101689;
163;RCS AUTO;RCS;P.O.BOX 6020;PAROW EAST;7501;7501;860729727;;021-9375550;;;;;BRANCH NUMBER 1682;;;1;0.0;0.0;0.0;0.0;0.0;0.0;0.0;0.0;0.0;1965.23;0.0;784.1;1183.51;2025/12/02;0.0;25000.0;N;1;;30;0.0;N;N;1;;4380205502;
20;MG ZONDI [GENERAL] STAFF ACC - COD;GEN;236 GREYLING STREET;PMBURG;3201;;033-3946369;;;;;;;;NOEL;;1;0.01;0.0;0.0;0.0;0.0;0.0;0.01;0.0;4869.57;88118.76;0.0;2715.06;5600.01;2026/02/09;0.0;5000.0;N;1;;30;0.0;N;N;1;2019/01/16;;
23;REPUBLICAN MOTOR SPARES;REP;P O BOX 8046;CUMBERWOOD;3235;;033-3941689;;033-3944867;;;;;;;;1;0.0;0.0;0.0;0.0;0.0;0.0;0.0;0.0;0.0;0.0;0.0;0.0;2827.5;2016/04/14;0.0;5000.0;N;1;;30;2.5;N;N;3;;;
28;HILTON TYRE & FITMENT CENTRE;HILTO;3 QUARRY ROAD;HILTON;3245;;829333249;718914765;;andrewsimpson27@outlook.com;;;;NETT ACC;LISA;;1;0.0;0.0;0.0;0.0;0.0;0.0;0.0;0.0;0.0;40813.93;0.0;6725.49;5630.01;2025/07/09;0.0;15000.0;N;1;;300;0.0;N;N;3;2020/05/18;NO VAT NUM;
63;SINGISI FOREST PRODUCTS [PTY]LTD;SING;P O BOX 20;WEZA;4685;;039-5530504;;039-5530501;;;;;;;;1;0.0;0.0;0.0;0.0;0.0;0.0;0.0;0.0;0.0;0.0;0.0;0.0;0.0;;0.0;10000.0;N;1;;30;2.5;N;N;3;;;
66;BALCO COMPANY [PTY] LTD;BALCO;236 GREYLING STREET;PIETERMARITZBURG;3201;3201;031-3321110;;;accounts@balcokzn.co.za;;;;;;;1;0.0;0.0;0.0;0.0;0.0;0.0;0.0;0.0;0.0;0.0;0.0;0.0;1740.01;2019/01/30;0.0;2000.0;N;1;;30;2.5;N;N;1;;;
205;SUPA QUICK PINETOWN;SUPAP;CMD TYRES [PTY] LTD   T/A;109 OLD MAIN ROAD;PINETOWN;3610;031-7013284;031-7013286;031-7013161;supaquickpinetown@sai.co.za;;;;;;01/09/2001 -->;1;0.0;0.0;0.0;0.0;0.0;0.0;0.0;0.0;0.0;0.0;0.0;89.03;10959.22;2023/11/29;0.0;0.0;N;1;;0;0.0;N;N;1;;4390267062;
423;V S PANELBEATERS CC;VS;4 PETER HEY ROAD;MOUNTAIN RISE;PMBURG;3201;033-3869566/09;837772017;865839374;vspanel@satweb.co.za;;;;;PRAVIN;;1;0.0;0.0;0.0;0.0;0.0;0.0;0.0;0.0;0.0;0.0;0.0;0.0;0.0;;0.0;10000.0;N;1;;30;0.0;N;N;4;;4730163641;
481;MARITZBURG AUCTIONEERS;MARIT;SUITE 113;POSTNET X6;CASCADES;3202;033-3422544;;;cameron@maritzburgauctioneers.co.za;;;;;;;1;0.0;0.0;0.0;0.0;0.0;0.0;0.0;0.0;0.0;0.0;0.0;0.0;0.0;;0.0;5000.0;N;1;;30;2.5;N;N;3;;;
483;MARITZBURG COLLEGE;MARIT;BOX 398;P M B;3200;;429376;;;;;;;;;;1;0.0;0.0;0.0;0.0;0.0;0.0;0.0;0.0;0.0;0.0;0.0;0.0;0.0;;0.0;0.0;;1;;0;0.0;;;N;;;
627;COASTAL FARMERS CO-OP;COA;PO BOX 1003;UMHLANGA ROCKS;;4320;031-5088000;;031-5088199;rajesh@coastals.co.za;;;;;;;1;0.0;0.0;0.0;0.0;0.0;0.0;0.0;0.0;0.0;0.0;0.0;0.0;0.0;;40.0;5000.0;N;1;;30;7.5;N;N;3;;4710104748;
823;WYNHAM SERVICES;WYN;P O BOX 33;UMLAAS ROAD;;3730;0325-51220;;;;;;;;;;4;0.0;0.0;0.0;0.0;0.0;0.0;0.0;0.0;0.0;0.0;0.0;0.0;0.0;;0.0;5000.0;N;1;;30;2.5;N;N;2;;;
21;BALCONE MOTORS CC T/A WATSON MOTORS;WATSO;8 STONEYHOUSE ROAD;HAYFIELDS;PMB;3201;333455108;;;watsonmotors@vodamail.co.za;;;;NETT ACCOUNT;PETER;;1;0.0;0.0;0.0;0.0;0.0;0.0;0.0;0.0;0.0;0.0;0.0;0.0;220.02;2019/11/30;0.0;10000.0;N;1;;30;0.0;N;N;3;2019/01/21;;
730;SAPPI FORREST;SAP;PO BOX 75;PM BURG;3201;;473666;;;;;;;;JAYSALYN;;1;0.0;0.0;0.0;0.0;0.0;0.0;0.0;0.0;0.0;0.0;0.0;0.0;0.0;;0.0;0.0;N;1;;30;2.5;Y;N;4;;;
93;SUPA QUICK GATEWAY;SUPAG;GATEWAY TYRES (PTY) LTD;2 ZENITH DRIVE;GATEWAY , UMHLANGA;4320;031-5665123;031-5665124;031-5665126;supaquickgateway@sai.co.za;;;;;;01/08/2013 -->;1;1225.12;0.0;1225.12;0.0;0.0;0.0;0.0;0.0;0.0;1065.32;0.0;73.55;3970.01;2025/04/02;0.0;0.0;N;1;;0;0.0;N;N;1;;4890267083;
585;NATIONAL PLANT FOOD;NATIO;P.O.BOX 89;CATO RIDGE;3680;;031-7823105;;031-7821431;;;;;;SUSAN BYRNE;;1;0.0;0.0;0.0;0.0;0.0;0.0;0.0;0.0;0.0;0.0;0.0;0.0;0.0;;0.0;2500.0;N;1;;30;2.5;N;N;3;;4920112622;
636;PETERS SECURITY CENTRE;PETER;P.O.BOX.212009;ORIBI;3205;;68331;;;;;;;;;;1;0.0;0.0;0.0;0.0;0.0;0.0;0.0;0.0;0.0;0.0;0.0;0.0;0.0;;0.0;1000.0;N;1;;30;0.0;N;N;6;;;
733;SAPPI SAWMILLS;SAPPI;P O BOX 2182;PIETERMARITZBURG;;3200;3 393 300;;;;;;;;;;1;0.0;0.0;0.0;0.0;0.0;0.0;0.0;0.0;0.0;0.0;0.0;0.0;0.0;;0.0;0.0;;1;;0;0.0;;;N;;;
1019;MEADOW FEEDS NATAL;MEA;P O BOX 426;PIETERMARITZBURG;3200;;3872403;;033-3873115;;;;;;ANZAR;;1;0.0;0.0;0.0;0.0;0.0;0.0;0.0;0.0;0.0;0.0;0.0;0.0;0.0;;0.0;200000.0;N;1;;30;0.0;N;N;3;;;
1117;DUZI TYRE SERVICES;DUZIT;P.O.BOX 8247;CUMBERWOOD;3235;3235;033-3873086;;;;;;;;MR S CHETTY;;1;0.0;0.0;0.0;0.0;0.0;0.0;0.0;0.0;0.0;0.0;0.0;0.0;0.0;;0.0;140000.0;N;1;;30;2.5;N;N;3;;4200152447;
1208;TYREMART PIETERMARITZBURG;SPEED;PMB KWIKFIT CC        T/A;SUITE 153 , P/BAG X9118;PIETERMARITZBURG;3200;033-3943641;033-3943642;033-3422036;prescilla@tyremartpmb.co.za;290 GREYLING STREET;PIETERMARITZBURG;3201;;BRIAN;;3;0.0;0.0;0.0;0.0;0.0;0.0;0.0;0.0;0.0;0.0;0.0;0.0;5402.74;2022/08/17;0.0;250000.0;N;1;;30;2.5;N;N;3;;4800183586;
1232;GREATER HEIGHTS FARM [PTY]LTD;TREM;ROY TREMEARNE;PO BOX 34;ESTON;3730;823002840;;;rtremearne53@gmail.com;;;;;ROY;;1;0.0;0.0;0.0;0.0;0.0;0.0;0.0;0.0;0.0;0.0;0.0;0.0;682.51;2021/10/29;0.0;15000.0;N;1;;30;0.0;N;N;3;;4420285761;
1133;W & E MAPSTONE;MAP;P O BOX 3;THORNVILLE;;3760;0332/510481/3;;;;PRESTO PARK;P O BAYNESFIELD;;;W MAPSTONE;OPENED 24/02/97;4;0.0;0.0;0.0;0.0;0.0;0.0;0.0;0.0;0.0;0.0;0.0;0.0;0.0;;0.0;60000.0;N;1;;30;0.0;N;N;3;;;
1137;GAS AND GENERAL;GAS;POSTNET SUITE 57;PRIVATE BAG X9118;PIETERMARITZBURG;3200;033 - 3420501;;033 - 3429129;gasacc@eject.co.za;312 GREYLING STRRET;PMB;;;CORIEEN;;1;0.0;0.0;0.0;0.0;0.0;0.0;0.0;0.0;0.0;0.0;0.0;0.0;0.0;;0.0;10000.0;N;1;;30;0.0;N;N;2;;4100182049;
1174;CHRIS GARDNER TRANSPORT;CHRIS;POSTNET SUITE 259;PRIVATE BAG X9118;PIETERMARITZBURG;3200;832700099;0824499634 CHRI;;chris.gardner@dairyday.co.za;;;ONLY NKR VEHICLE TO THIS;ACC**********************;GAIL;REF COOPER 15/12/97;1;0.0;0.0;0.0;0.0;0.0;0.0;0.0;0.0;0.0;0.0;0.0;0.0;7100.0;2017/02/21;0.0;5000.0;N;1;;30;0.0;N;N;2;;4630161737;
1175;PHIL PRECIOUS AUTO SALES;PHIL;83 CLELAND ROAD;HAYFIELDS;PIETERMARITZBURG;3201;3969461;;3963373;;;;;101 NEW ENGLAND ROAD;;;1;0.0;0.0;0.0;0.0;0.0;0.0;0.0;0.0;0.0;0.0;0.0;0.0;19163.19;2017/09/27;0.0;15000.0;N;1;;30;2.5;N;N;3;;;
1195;THE ROSAEVEARE TRUST;ROSE;PO BOX 199;THORNVILLE;NATAL;3760;039-8359301;;;lutamren@gmail.com;;;;;CHARLIE0832734837;OPENED 20/01/98;1;0.0;0.0;0.0;0.0;0.0;0.0;0.0;0.0;0.0;0.0;0.0;0.0;0.0;;0.0;20000.0;N;1;;30;0.0;N;N;3;;;
1237;STOWELL & CO;STO;295 PIETERMARITZ STREET;PMB;;3201;8450500;;948145;;;;;;RODNEY TROTTER;;1;0.0;0.0;0.0;0.0;0.0;0.0;0.0;0.0;0.0;0.0;0.0;0.0;0.0;;0.0;5000.0;N;1;;30;0.0;N;N;3;;4750158141;
1248;GAVTON ELECTRICAL CONTRACTORS;GAVTO;PO BOX 11969;DORPSPRUIT;3206;;3455895;;3455903;gavton@telkomsa.net;21 CLOUGH STREET;UNIT 6 MANDENI PARK;PMB;;;OPENED 8/4/1998;1;0.0;0.0;0.0;0.0;0.0;0.0;0.0;0.0;0.0;0.0;0.0;0.0;0.0;;0.0;5000.0;N;1;;30;0.0;N;N;3;;4050180811;
1315;MANLINE;MAN;P.O. BOX 100015;SCOTTSVILLE;3209;;033-3865948;;NEIL 0834569190;nmoodley@bwtrans.co.za;;;;6 VON ECK PLACE;NEONI;OPENED 11/6/1998;1;0.0;0.0;0.0;0.0;0.0;0.0;0.0;0.0;0.0;0.0;0.0;0.0;0.0;;0.0;15000.0;N;1;;30;2.5;N;N;3;;4340172891;
1362;WESBANK A DIVISION OF FIRSTRAND BANK LTD;FIRST;1 ENTERPRISE ROAD;FAIRLAND;2170;;012-3031000;;012-5953983;;;;;MERCH:569946;;;1;0.0;0.0;0.0;0.0;0.0;0.0;0.0;0.0;0.0;0.0;0.0;0.0;2305.29;2024/10/21;0.0;100000.0;N;1;;30;0.0;N;N;3;;4210102051;
1420;ROSEBANK FARM;ROS;TREVOR O'NEILL;PO BOX 185;ESTON;3740;2122810;;;office@rosebankfarm.co.za;;;;;TREVOR / LYNN;;4;0.0;0.0;0.0;0.0;0.0;0.0;0.0;0.0;0.0;0.0;0.0;0.0;0.0;;0.0;30000.0;N;1;;30;2.5;N;N;3;;4960186932;
12;HUGOS SPEED SHOP**CLOSED**;XX;233 GREYLING STREET;PMBURG;3201;;033-3454110;;033-3453607;hugosspeedshop@iafrica.com;;;;;;;1;0.0;0.0;0.0;0.0;0.0;0.0;0.0;0.0;0.0;0.0;0.0;0.0;3000.0;2018/06/11;0.0;5.0;N;1;;30;0.0;N;N;2;2017/01/27;4900244064;
17;MW OSBORN;MWOSB;PO BOX 303;KOKSTAD;4700;;832888829;;;iammikeosborn@gmail.com;;;;NETT ACCOUNT;MIKE;;1;0.0;0.0;0.0;0.0;0.0;0.0;0.0;0.0;0.0;0.0;0.0;0.0;10643.8;2017/09/15;0.0;30000.0;N;1;;30;0.0;N;N;2;2017/07/06;4290179193;
19;PAT DUCKHAM MOTORS CC;PAT;14 PETER KERCHOFF STREET;PIETERMARITZBURG;3201;;033-3425210;;033-3428714;grant@patduckham.co.za;;;;NETT ACCOUNT;PRISSY;;1;0.0;0.0;0.0;0.0;0.0;0.0;0.0;0.0;0.0;0.0;0.0;0.0;3565.61;2019/05/28;0.0;10000.0;N;1;;30;0.0;N;N;3;2018/11/16;4460262282;
25;PARKLANE RETAIL PTY LTD;PARK;T/A PARKLANE SUPER SPAR;14 ORIEL ROAD;PIETERMARITZBURG;3201;333 423 487;;;charity@roscot.co.za;;;;;CHARITY;;1;0.0;0.0;0.0;0.0;0.0;0.0;0.0;0.0;0.0;4217.42;0.0;2217.33;3650.01;2026/01/12;0.0;30000.0;N;1;;30;0.0;N;N;1;2025/06/20;4380318909;
30;ALEXANDER HIGH SCHOOL;ALEX;PRIVATE BAG X6;SCOTTSVILLE;3209;;033-3948252;;033-3946059;finance@alexhigh.org.za;;;;;;;1;0.0;0.0;0.0;0.0;0.0;0.0;0.0;0.0;0.0;0.0;0.0;0.0;0.0;;0.0;10000.0;N;1;;30;0.0;N;N;2;;;
33;DIPLOMAT DISTRIBUTORS SA [PTY]LTD;DIPLO;8 COROBRIK ROAD;MEADOWDALE;JOHANNESBURG;2000;872842700;;;helmien.n@diplomat-global.com;;;;REG:2010/011111/07;LEANETTI;;1;0.0;0.0;0.0;0.0;0.0;0.0;0.0;0.0;0.0;0.0;0.0;0.0;15840.01;2021/02/15;0.0;20000.0;N;1;;30;0.0;N;N;3;2020/10/20;4420256176;
83;ON TAP;ONTAP;P O BOX 2930;PIETERMARITZBURG;3200;;033-3940870;;033-3943834;crspmb@ontap.co.za;;;;;;;1;0.0;0.0;0.0;0.0;0.0;0.0;0.0;0.0;0.0;0.0;0.0;0.0;0.0;;0.0;10000.0;N;1;;30;2.5;N;N;3;2004/02/03;4390157602;
141;NCT BAYNESFIELD LEASE;NCT;P O BOX 1445;PIETERMARITZBURG;3201;;033-8978500;;033-8978501;;;;;;;;1;0.0;0.0;0.0;0.0;0.0;0.0;0.0;0.0;0.0;0.0;0.0;0.0;0.0;;0.0;5000.0;N;1;;30;2.5;N;N;3;2004/08/19;4430102733;
24;SAFARICO 4X4;SAFAR;LUND ENTERPRISES CC;340 VICTORIA ROAD;PIETERMARITZBURG;3201;033-3421424;;;admin@safarico4x4.co.za;;;;NETT ACCOUNT;DEA-ANN;;1;0.0;0.0;0.0;0.0;0.0;0.0;0.0;0.0;0.0;0.0;0.0;0.0;1500.0;2021/11/15;0.0;10000.0;N;1;;30;0.0;N;N;3;2019/01/24;4480271545;
158;SUMMIT AUTO TRADING SA [PTY] LTD*NEW OWN;X;REQUIRE CR APP;P.O.BOX 11019;DORPSPRUIT;3206;033-3456287;031-7025603;033-3450028;thereset@fury.co.za;;;;;DESIREE;;1;0.0;0.0;0.0;0.0;0.0;0.0;0.0;0.0;0.0;0.0;0.0;0.0;7750.0;2020/10/31;0.0;3.0;N;1;;30;2.5;N;N;2;2004/12/23;4950237968;
166;RAVEN PANELBEATERS COD;RAVEN;324 BOOM STREET;PIETERMARITZBURG;3200;;033-3451940;;033-3456468;ravenpanelbeaters@sai.co.za;;;;;;;1;0.0;0.0;0.0;0.0;0.0;0.0;0.0;0.0;0.0;0.0;0.0;0.0;0.0;;0.0;10000.0;N;1;;5;0.0;N;N;3;2005/02/02;;
182;SOUTH RAND ELECTRICAL;SOUTH;P O BOX 13770;CASCADES;3202;;033-3454653;;033-3425619;southrand@sai.co.za;;;;;;;2;0.0;0.0;0.0;0.0;0.0;0.0;0.0;0.0;0.0;0.0;0.0;0.0;0.0;;0.0;10000.0;N;1;;30;0.0;N;N;3;2005/03/17;4710184385;
183;NCT TREE FARMING CC;NCT;P O BOX 1445;PIETERMARITZBURG;3200;;033-3941202;;033-3456985;;;;;;;;1;0.0;0.0;0.0;0.0;0.0;0.0;0.0;0.0;0.0;0.0;0.0;0.0;0.0;;0.0;5000.0;N;1;;30;0.0;N;N;1;2005/03/17;;
190;PARCOM T/A PARKLANE SUPER SPAR;PARK;P O BOX 11191;DORPSPRUIT;3206;;033-3423487;;033-3426413;admin@parklane.co.za;;;;;;;1;0.0;0.0;0.0;0.0;0.0;0.0;0.0;0.0;0.0;5260.88;0.0;2449.92;3850.0;2025/09/26;0.0;30000.0;N;1;;30;0.0;N;N;2;2005/04/14;4270208707;
218;CENPROP REAL ESTATE [PTY]LTD;CENPR;P O BOX 1345;PIETERMARITZBURG;3200;;033-3949595;;033-3458054;;;;;;;;1;0.0;0.0;0.0;0.0;0.0;0.0;0.0;0.0;0.0;0.0;0.0;0.0;0.0;;0.0;5000.0;N;1;;30;0.0;N;N;3;2005/08/16;;
224;NCT FORESTRY CO-OPERATIVE INGWE;NCT;PO BOX 1445;PMBURG;3200;;033-8978500;;033-8978501;jenny@nctforest.com;;;;;JENNY;BRET 0828717838;3;0.0;0.0;0.0;0.0;0.0;0.0;0.0;0.0;0.0;0.0;0.0;0.0;0.0;;0.0;5000.0;N;1;;0;0.0;N;N;3;2005/09/15;4430102733;
38;HI-Q EAST COAST TYRES PINETOWN;HIQEA;ECO TYRE & EXHAUST CC;165 OLD MAIN ROAD;PINETOWN;3610;031-7091471;031-7091479;031-7091484;shaun.eastcoast@sai.co.za;;;;;SHAUN FABER;;1;0.0;0.0;0.0;0.0;0.0;0.0;0.0;0.0;0.0;0.0;0.0;0.0;4884.26;2025/01/04;0.0;50000.0;N;1;;0;0.0;N;N;1;2005/12/13;4010231005;
14;BRUCES PANEL SHOP;BRUCE;391 BOOM STREET;PIETERMARITZBURG;3201;;033-3425980;;033-3426458;admin@brucespanelshop.co.za;;;;NETT ACC;;;3;0.0;0.0;0.0;0.0;0.0;0.0;0.0;0.0;0.0;0.0;0.0;0.0;0.0;;0.0;10000.0;N;1;;30;0.0;N;N;3;;4550192001;
70;BIDVEST BANK;BIDVE;P O BOX 185;JOHANNESBURG;2000;;0114073699/3630;114073621;866889881;bbfleetcreditors@bidvestbank.co.za;VEH.MAKE&MODEL;REG.;KM;MERCH:208933;;;1;0.0;0.0;0.0;0.0;0.0;0.0;0.0;0.0;0.0;16739.13;0.0;4051.15;19250.0;2025/07/15;0.0;5000.0;N;1;;30;2.5;N;N;Y;2006/05/09;4680190875;
221;AD SPEC;ADSPE;P O BOX 314;LIBERTY MALL;3231;;846981979;;;lylescottw@gmail.com;;;;;LYLE;;1;0.0;0.0;0.0;0.0;0.0;0.0;0.0;0.0;0.0;4313.07;0.0;1386.16;1250.0;2025/06/04;0.0;5000.0;N;1;;30;0.0;N;N;3;2006/07/18;4860207101;
233;BIDVEST MCCARTHY [RENAULT];MCCAR;P O BOX 455;MIDLANDS MALL;PMBURG;3231;033-3417600;033-3417611;;nakitas@mcmotor.co.za;;;;;NAKITA;;1;0.0;0.0;0.0;0.0;0.0;0.0;0.0;0.0;0.0;8486.97;0.0;1972.37;9760.02;2025/05/02;0.0;40000.0;N;1;;30;0.0;N;N;Y;2006/07/31;4330165889;
241;BROADACRES FARM;BROAD;P O BOX 197;ESTON;3740;;031-7811722;;031-7811722;;;;;;ALLEN STIEBEL;;4;0.0;0.0;0.0;0.0;0.0;0.0;0.0;0.0;0.0;0.0;0.0;0.0;0.0;;0.0;20000.0;N;1;;30;0.0;N;N;3;2006/09/08;4670198409;
249;HI-Q NOTTINGHAM ROAD;HI-Q;TUSCAN MOOD 35CC   T/AS;P.O.BOX 98;NOTTINGHAM ROAD;3280;033-2666748;;033-2666754;admin@bundunet.com;;;NETT ACCOUNT;;;;1;0.0;0.0;0.0;0.0;0.0;0.0;0.0;0.0;0.0;0.0;0.0;0.0;0.0;;0.0;40000.0;N;1;;30;0.0;N;N;1;2006/10/20;4220233847;
284;UPWARD SPIRAL 1018CC**CLOSED**;XX;SUPA STRAIGHT;26 WINSTON ROAD;PIETERMARITZBURG;3201;033-3458850;824519647;033-3458852;sharitha.supastraight@telkomsa.net;;;;;SHANNON NAIDOO;;3;0.0;0.0;0.0;0.0;0.0;0.0;0.0;0.0;0.0;0.0;0.0;0.0;5335.95;2019/08/20;0.0;1.0;N;1;;30;0.0;N;N;2;2007/04/04;4230215339;
287;SCENIC ROUTE TRADING 412 (PTY) LTD;SUNSH;SUNSHINE BAKERY;25 WILLOWTON ROAD;PIETERMARITZBURG;3201;033-3971116;;033-3420660;accounts@sunshinebakery.co.za;;;;;;TAKI 0824571317;1;0.0;0.0;0.0;0.0;0.0;0.0;0.0;0.0;0.0;180974.88;0.0;54070.64;5350.0;2025/10/01;0.0;200000.0;N;1;;5;0.0;N;N;3;2007/04/11;4390219113;
291;AVIS VAN RENTAL;AVIS;P O BOX 143;UMBOGINTWINI;4120;;031-4652155;;;ridhwana.bux@avisbudget.co.za;;;;;RIDHWANA;;1;0.0;0.0;0.0;0.0;0.0;0.0;0.0;0.0;0.0;0.0;0.0;0.0;3691.3;2025/04/09;0.0;100000.0;N;1;;30;2.5;N;N;3;2007/04/25;4390182634;
293;NOEL SOOKAL - STAFF ACCOUNT - COD;NOEL;;;;;033-3946369;;033-3456284;;;;;;;;1;5713.02;0.0;5713.02;0.0;0.0;0.0;0.0;0.0;0.0;37454.94;0.0;597.4;3765.03;2026/01/24;0.0;20000.0;N;1;;30;0.0;N;N;1;2007/05/15;0;
305;PMB GUTTERS CC T/A SUPERSPAN GUTTERS;PMBGU;P O BOX 100967;SCOTTSVILLE;3209;;033-3429412;;033-3456359;;;;;;WAYNE;;1;0.0;0.0;0.0;0.0;0.0;0.0;0.0;0.0;0.0;0.0;0.0;0.0;0.0;;0.0;5000.0;N;1;;30;0.0;N;N;3;2007/07/13;4810199382;
319;PMB MENTAL HEALTH SOCIETY;PMBME;P O BOX 133;PIETERMARITZBURG;3200;;033-3927230;;033-3450842;;;;;;;;1;0.0;0.0;0.0;0.0;0.0;0.0;0.0;0.0;0.0;0.0;0.0;0.0;0.0;;0.0;5000.0;N;1;;30;0.0;N;N;3;2007/09/04;;
323;MTSINTSI LOGISTICS;MTSIN;P O BOX 2;PIETERMARITZBURG;3200;;033-3863449;;033-3864934;;;;NETT ACCOUNT;;;;1;0.0;0.0;0.0;0.0;0.0;0.0;0.0;0.0;0.0;0.0;0.0;0.0;0.0;;0.0;10000.0;N;1;;30;0.0;N;N;3;2007/09/18;4420227623;
332;CMH COMMERCIAL PMB [62];CMH;P O BOX 142;MKONDENI;3204;;031-7924500;;033-3462013;julianaf@cmh.co.za;;;;;JULIANNA;;1;0.0;0.0;0.0;0.0;0.0;0.0;0.0;0.0;0.0;0.0;0.0;0.0;0.0;;0.0;10000.0;N;1;;30;0.0;N;N;2;2007/11/07;4440111914;
351;MSUNDUZI MUNICIPALITY FORESTRY BOARD;MSUND;;P O BOX 329;PIETERMARITZBURG;3200;033-3872212;;;shantel@nctforest.com;;;;;;;1;0.0;0.0;0.0;0.0;0.0;0.0;0.0;0.0;0.0;0.0;0.0;0.0;0.0;;0.0;10000.0;N;1;;30;0.0;N;N;1;2008/03/03;4800102750;
193;GARLINGTON HOMEOWNERS ASSOCIATION;GARLI;PRIVATE BAG X6009;HILTON;3245;;727162006;;;;;;;;YOLANDE;;1;0.0;0.0;0.0;0.0;0.0;0.0;0.0;0.0;0.0;0.0;0.0;0.0;0.0;;0.0;5000.0;N;1;;30;0.0;N;N;3;2008/03/29;4520237522;
393;SHARP METAL PRESSINGS;SHARP;P O BOX 29;UMLAAS ROAD;3780;;031-7851781;;865003730;accounts@sharpmetal.co.za;;;;;;;4;0.0;0.0;0.0;0.0;0.0;0.0;0.0;0.0;0.0;0.0;0.0;0.0;6727.51;2016/02/01;0.0;10000.0;N;1;;30;0.0;N;N;3;2008/08/07;4510187679;
395;PAPINI TRADING;PAPIN;P O BOX 8800;CUMBERWOOD;3235;;033-3862307;;;creditors@papini.co.za;;;;;;;1;0.0;0.0;0.0;0.0;0.0;0.0;0.0;0.0;0.0;20817.45;0.0;7068.45;520.02;2025/07/25;0.0;30000.0;N;1;;30;0.0;N;N;3;2008/08/07;4430172769;
34;BLUFF MEAT SUPPLY PTY LTD;BLUFF;P O BOX 800;PINETOWN;;3610;313 504 440;;;sandrac@bluffmeatsupply.co.za;;;;;SANDRA;;1;0.0;0.0;0.0;0.0;0.0;0.0;0.0;0.0;0.0;65843.47;0.0;22313.53;10100.02;2025/11/25;0.0;40000.0;N;1;;30;0.0;N;N;3;2025/06/27;4870288513;
53;LUSH REMOVALS;LUSH;P O BOX 8528;CUMBERWOOD;3235;;033-3861216;033-3861217;033-3861269;info@lushremovals.com;;;;;;;1;0.0;0.0;0.0;0.0;0.0;0.0;0.0;0.0;0.0;0.0;0.0;0.0;5410.0;2021/01/12;0.0;25000.0;N;1;;30;0.0;N;N;3;2008/11/25;4920112739;
102;J B MTUNGWA (JABULANI) - STAFF ACC - COD;JABUL;;;;;;;;;;;;;;;1;0.0;0.0;0.0;0.0;0.0;0.0;0.0;0.0;0.0;0.0;0.0;0.0;2116.48;2024/12/20;0.0;0.0;N;1;;0;0.0;N;N;1;2009/02/19;;
10;ACCOUNT CLOSED COD ONLY;TYRE;95 CHIEF ALBERT LUTHULI S;;PIETERMARITZBURG;3201;033-3458577;723252853;;sstt.pmb@gmail.com;;;;NETT ACCOUNT;AJEETH;;1;0.0;0.0;0.0;0.0;0.0;0.0;0.0;0.0;0.0;112053.99;0.0;19890.45;12993.5;2026/01/20;0.0;0.0;N;1;;30;0.0;N;N;2;2017/08/31;4590287233;
13;BRINTON PILLAY - STAFF ACCOUNT - COD;BRINT;;;;;;;;;;;;;;;1;2720.0;0.0;1100.0;0.0;0.0;0.0;0.0;0.0;0.0;134606.06;0.0;3315.65;1620.0;2026/02/06;0.0;5000.0;N;1;;0;0.0;N;N;1;2017/02/03;;
6;HILTON COLLEGE;HILTO;SUITE H7;PRIVATE BAG X9118;PMBURG;3201;;;;creditors@hiltoncollege.com;;;;;SHERYL;;1;0.0;0.0;0.0;0.0;0.0;0.0;0.0;0.0;0.0;0.0;0.0;0.0;820.0;2022/12/29;0.0;10000.0;N;1;;30;0.0;N;N;1;2016/07/18;4060107820;
11;SUNSHINE BAKERY DURBAN [PTY]LTD;SUNSH;43 SEACOWLAKE ROAD;DURBAN;4000;;033-3971116;;;accountsbd@sunshinebakery.co.za;;;;;SIQALO;;1;0.0;0.0;0.0;0.0;0.0;0.0;0.0;0.0;0.0;0.0;0.0;0.0;1050.01;2025/04/01;0.0;100000.0;N;1;;30;0.0;N;N;3;2016/12/22;4310263852;
15;GDR IMAGE PROPERTY DEVELOPERS CC;GDR;UNIT A, 29 BARNESLY RD;DUZI PARK;CAMPSDRIFT;3201;033-3461421;;;admin@reliff.co.za;;;;NETT ACC;SHEREEN;;1;0.0;0.0;0.0;0.0;0.0;0.0;0.0;0.0;0.0;13704.39;0.0;5236.5;810.0;2025/12/01;0.0;20000.0;N;1;;30;0.0;N;N;1;2025/05/08;4290145899;
18;INNOVATION GROUP SERVICES [PTY]LTD;INNOV;155 WEST STREET;SANDOWN;SANDTON;2031;011-7905200;;;claimpayment@za.innovation-group.com;;;;AUTH:011-7905200;;;1;0.0;0.0;0.0;0.0;0.0;0.0;0.0;0.0;0.0;8695.65;0.0;920.85;10000.0;2025/10/07;0.0;15000.0;N;1;;30;0.0;N;N;1;2017/12/18;4190267932;
26;TYRES 4 U COD ACC***CLOSED***;XXX;;;;;;;;deonpillay54@telkomsa.net;;;;;;;1;0.0;0.0;0.0;0.0;0.0;0.0;0.0;0.0;0.0;0.0;0.0;0.0;4000.0;2019/12/13;0.0;1.0;N;1;;5;0.0;N;N;3;2019/11/12;;
32;ESKOM SOC LIMITED;ESKOM;3 SIMBA ROAD;SUNNINGHILL;SANDTON;;;;;;;;AUTH:0861176937;MERCH: 90414284;;;1;0.0;0.0;0.0;0.0;0.0;0.0;0.0;0.0;0.0;7478.88;0.0;3795.46;4238.27;2025/10/03;0.0;25000.0;N;1;;30;0.0;N;N;3;2020/07/16;4740101508;
37;LUSTED & JOHNSON CC;LUSTE;P.O.BOX 16;IXOPO;3276;;039-8342011;;039-8341403;pamvdberg@telkomsa.net;;;NETT ACC;;;;1;0.0;0.0;0.0;0.0;0.0;0.0;0.0;0.0;0.0;0.0;0.0;0.0;0.0;;0.0;35000.0;N;1;;30;0.0;N;N;3;2009/10/08;4670104050;
39;WESBANK A DIV OF FIRSTRAND BANK LTD;WES;1 ENTERPRISE ROAD;FAIRLAND;MERCH NO. 645811;2071;861102090;;;;GOVERNMENT VEHICLES;MERCH NO. 645811;;AUTH 0861102090;;;1;28587.19;0.0;1899.99;763.88;0.0;0.0;0.0;0.0;0.0;179971.7;0.0;85374.3;8619.44;2026/02/09;0.0;200000.0;N;1;;30;0.0;N;N;Y;2021/05/11;4210102051;
41;CONTISURE CLAIMS;CO;;;;;;;;cathy.hiq@sai.co.za;;;;;;;1;-3556.47;-3556.47;0.0;0.0;0.0;0.0;0.0;0.0;0.0;159.02;0.0;8759.94;1017.3;2025/03/29;0.0;0.0;N;1;;0;0.0;N;N;1;2021/06/03;;
31;COPPER LEAF TRADING 589CC;COAST;T/A COASTAL HIRE;238 GREYLING STEET;PIETERMARITZBURG;3201;333 423 393;;;pmb@coastalhire.co.za;;;;;NICOLETTE;;1;0.0;0.0;0.0;0.0;0.0;0.0;0.0;0.0;0.0;2469.57;0.0;1829.77;1180.0;2025/12/03;0.0;20000.0;N;1;;30;0.0;N;N;1;2025/06/27;4490283977;
51;SHAHIL PRESTIGE CAR SALES;PRE;T/A RENAULT PIETERMARITZB;;;;314515333;;;accounts21@prestigemotorgroup.co.za;;;;;;;1;4150.01;0.0;1150.01;3000.0;0.0;0.0;0.0;0.0;0.0;3608.71;0.0;1949.51;0.0;;0.0;40000.0;N;1;;30;0.0;N;N;2;2025/10/14;4510221627;
96;AVIS VAN RENTAL;AVIS;P O BOX 54;PORT SHEPSTONE;4240;;039-6821347;;039-6822449;vrpshepston@avis.co.za;;;;;GABBI;;1;0.0;0.0;0.0;0.0;0.0;0.0;0.0;0.0;0.0;0.0;0.0;0.0;0.0;;0.0;10000.0;N;1;;30;0.0;N;N;3;2010/06/14;4030101622;
111;DURBAN UNIVERSITY OF TECHNOLOGY;DUT;P O BOX 1334;DURBAN;4000;;031-3735171;;031-3736759;thabisilem1@dut.ac.za;;;;NETT ACC;NOZIPHO;;1;0.0;0.0;0.0;0.0;0.0;0.0;0.0;0.0;0.0;0.0;0.0;0.0;0.0;;0.0;10000.0;N;1;;30;0.0;N;N;3;2010/07/23;4080199559;
120;BOOYSENS REFRIGERATION [PTY] LTD;BOOYS;P O BOX 2370;PIETERMARITZBURG;3201;;033-3424909;;033-3424905;accounts@booysens.net;;;;;MOKESH;;1;0.0;0.0;0.0;0.0;0.0;0.0;0.0;0.0;0.0;0.0;0.0;0.0;0.0;;0.0;20000.0;N;1;;30;0.0;N;N;2;2010/08/03;4170252938;
128;MIDLANDS SPRINGS CC;MIDLA;P O BOX 11449;DORPSPRUIT;3206;;033-3425030;;;midsprings2@mweb.co.za;;;;;;;1;0.0;0.0;0.0;0.0;0.0;0.0;0.0;0.0;0.0;0.0;0.0;0.0;0.0;;0.0;5000.0;N;1;;30;0.0;N;N;2;2010/11/04;4860111980;
133;WESBANK FLEET DIVISION;X;PO BOX 9638;WELTEVREDEN PARK;1715;;011-6327796;;;fbam@wesbank.co.za;;;;SUPPLIER:011783;FAROUK;;1;0.0;0.0;0.0;0.0;0.0;0.0;0.0;0.0;0.0;0.0;0.0;0.0;1447.82;2024/07/05;0.0;5000.0;N;1;;30;0.0;N;N;2;2010/11/12;4210102051;
134;SBS ELECTRICAL CC;SBS;P O BOX 11718;DORPSPRUIT;3206;;033-3943860;;033-3947636;sbspmb@iafrica.com;;;;NETT ACCOUNT;;;1;0.0;0.0;0.0;0.0;0.0;0.0;0.0;0.0;0.0;0.0;0.0;0.0;0.0;;0.0;12000.0;N;1;;30;0.0;N;N;4;2010/11/17;4510123088;
36;BESTDRIVE ONLINE STORE;BE;;;;;;;;cathy.hiq@gmail.com;;;;REF:;LINDY/LOUIS;;1;0.0;0.0;0.0;0.0;0.0;0.0;0.0;0.0;0.0;0.0;0.0;0.0;0.0;;0.0;0.0;N;1;;0;0.0;N;N;1;2021/02/19;;
155;BURNLEA FARMING TRUST;BURN;P O BOX 255;UNDERBERG;3257;;033-7011961;;866285599;gktaylor@futurenet.co.za;;;;NETT ACCOUNT;GEOFF;;1;0.0;0.0;0.0;0.0;0.0;0.0;0.0;0.0;0.0;0.0;0.0;0.0;0.0;;0.0;10000.0;N;1;;30;0.0;N;N;3;2011/05/19;4820201202;
167;BLOMEYERS APPLIANCES CC;BLOME;P O BOX 11921;DORPSPRUIT;;3206;333 924 250;;333 924 255;cerista@blomeyers.co.za;30 DAY NETT ACCOUNT;;;;VIMLA GOVENDER;;2;0.0;0.0;0.0;0.0;0.0;0.0;0.0;0.0;0.0;0.0;0.0;0.0;149.99;2021/05/27;0.0;10000.0;N;1;;30;0.0;N;N;3;;4220190401;
198;I R VOIGTS [PTY] LTD;IRVOI;P O BOX 1300;HILTON;3245;;;;;accounts@voigts.co.za;;;;NETT ACCOUNT;;;6;0.0;0.0;0.0;0.0;0.0;0.0;0.0;0.0;0.0;0.0;0.0;0.0;9370.05;2021/08/02;0.0;25000.0;N;1;;30;0.0;N;N;3;2011/06/22;4680201870;
201;MORTONS HILL FARMING CC;MORTO;P O BOX 11380;DORPSPRUIT;3206;;835618923;;;trish@edelnet.co.za;;;;;;;4;0.0;0.0;0.0;0.0;0.0;0.0;0.0;0.0;0.0;0.0;0.0;0.0;0.0;;0.0;22000.0;N;1;;30;0.0;N;N;3;2011/06/23;4750231609;
204;ROGUE STEEL PMB CC;ROGUE;P O BOX 11256;DORPSPRUIT;3206;;033-3450035;;;creditors@roguesteel.co.za;;;;;RONA;;1;0.0;0.0;0.0;0.0;0.0;0.0;0.0;0.0;0.0;0.0;0.0;0.0;0.0;;0.0;20000.0;N;1;;30;0.0;N;N;3;2011/06/23;4410101648;
215;JL CROOKES & SONS;JL CR;P O BOX 135;UMLAAS ROAD;3730;;;;;crookesfarm@w2k.co.za;;;;NETT ACCOUNT;;;6;0.0;0.0;0.0;0.0;0.0;0.0;0.0;0.0;0.0;0.0;0.0;0.0;0.0;;0.0;10000.0;N;1;;30;0.0;N;N;3;2011/06/29;;
259;MACDONALD STEEL SA [PTY] LTD;MACD;P O BOX 12162;JACOBS;4026;;031-4505200;033-8978500;865292309;anita@macdonaldsteelsa.com;;;;;ANITA;;1;0.0;0.0;0.0;0.0;0.0;0.0;0.0;0.0;0.0;0.0;0.0;0.0;0.0;;0.0;10000.0;N;1;;30;0.0;N;N;3;2011/07/21;4700134531;
1000;SUPA QUICK MKONDENI;SUPAM;TYRES MKONDENI CC;2 CB DOWNES ROAD;MKONDENI , P.M.BURG;3201;033-3461154;033-3461040;033-3863390;supaquickmkondeni@sai.co.za;;;;;;;1;0.0;0.0;0.0;0.0;0.0;0.0;0.0;0.0;0.0;86.95;0.0;623.61;100.0;2025/11/20;0.0;0.0;N;1;;30;0.0;N;N;3;2011/08/01;4930257573;
1;BLOMEYERS HEATING & COOLING;BLOME;PO BOX 12016;DORPSPRUIT;3206;;033-3425450;;033-3425450;sean@blomeyershc.co.za;;;;NETT ACCOUNT;KEVIN;;1;0.0;0.0;0.0;0.0;0.0;0.0;0.0;0.0;0.0;217.39;0.0;197.39;250.0;2025/03/20;0.0;10000.0;N;1;;30;0.0;N;N;3;2016/06/15;4470244577;
5;FARM MAINTENANCE SERVICES;FARM;PO BOX 11735;DORPSPRUIT;3206;;033-3422472;;033-3941744;nishi@fms.org.za;;;;;NISHI;;1;0.0;0.0;0.0;0.0;0.0;0.0;0.0;0.0;0.0;5721.73;0.0;4921.28;500.0;2026/02/02;0.0;10000.0;N;1;;30;0.0;N;N;3;2016/07/18;;
7;TOPWOOD TRADING CC;TOP;BRICK & BLOCK CITY;P O BOX 4028;WILLOWTON HUB;3201;033-8110786;;866988073;topwoodcc@gmail.com;;;;NETT ACCOUNT;MR ABDOOL;;1;0.0;0.0;0.0;0.0;0.0;0.0;0.0;0.0;0.0;0.0;0.0;0.0;0.0;;0.0;25000.0;N;1;;30;0.0;N;N;3;2012/02/28;4520258379;
16;FMGH GROUP [PTY] LTD;FMGH;9 ARMITAGE ROAD;PIETERMARITZBURG;3201;;033-9400095;031-7165050;033-3422324;admin01@fmgh.co.za;;;;NETT ACCOUNT;ZAHIERA;;1;0.0;0.0;0.0;0.0;0.0;0.0;0.0;0.0;0.0;0.0;0.0;0.0;250.0;2019/03/11;0.0;20000.0;N;1;;30;0.0;N;N;3;2017/12/12;4150267666;
27;CITI TYRES COD ACCOUNT;CITI;;;;;826945387;;;yougan1333@gmail.com;;;;;;YOUGAN;1;5570.01;1679.99;0.0;2570.01;0.0;0.0;0.0;0.0;1460.86;63213.05;296.86;10304.87;3000.0;2026/02/06;0.0;10000.0;N;1;;5;0.0;N;N;3;2019/11/12;;
29;VALVERITE CC;VALVE;234 VICTORIA ROAD;PIETERMARITZBURG;3201;;033-3946001/2;;033-3947544;accounts@valverite.co.za;;;;NETT ACC;MRS KELLY;;1;-300.0;0.0;0.0;0.0;0.0;0.0;0.0;0.0;0.0;0.0;0.0;0.0;4400.02;2024/11/04;0.0;5000.0;N;1;;30;0.0;N;N;2;2020/06/02;4820102731;
87;AUDI CENTRE PIETERMARITZBURG;AUDI;P O BOX 787;PMBURG;3201;;033-8453100;;033-8453134;deshendree.reddy@bwmr.co.za;;;;;;;1;0.0;0.0;0.0;0.0;0.0;0.0;0.0;0.0;0.0;0.0;0.0;0.0;1290.03;2016/08/12;0.0;50000.0;N;1;;30;0.0;N;N;2;2012/10/12;4410261632;
136;HYUNDAI AUTOMOTIVE SOUTH AFRICA PTY LTD;HYUN;1999/015934/07;P.O.BOX 11012;DORPSPRUIT;3206;031-5664422;033-3456030;033-3456036;jayendras@hyundai.co.za;;;;NETT ACC / ORDERS NB**;SIMONE;;1;25276.0;1850.01;25276.0;0.0;0.0;0.0;0.0;0.0;1608.71;121148.88;515.4;42860.61;14040.03;2026/02/02;0.0;75000.0;N;1;;30;0.0;N;N;3;2013/01/28;4170186698;
168;AVIS VAN RENTALS KEMPTON PARK;AVIS;P O BOX 221;ISANDO;1600;;011-3925202;;;vanrentalsisando@avis.co.za;;;;;;;1;0.0;0.0;0.0;0.0;0.0;0.0;0.0;0.0;0.0;0.0;0.0;0.0;2050.02;2023/02/09;0.0;5000.0;N;1;;30;0.0;N;N;Y;2013/04/26;4700266614;
181;HI-Q BIRD SANCTUARY;HIQBI;SANCTUARY TYRES CC;9 ARMITAGE ROAD;PIETERMARITZBURG;3201;;;;hiqbirdsanctuary@sai.co.za;;;;;;;1;30343.54;1207.96;30343.54;0.0;0.0;0.0;0.0;0.0;1050.4;36640.94;40.4;5573.6;10323.31;2025/12/12;0.0;0.0;N;1;;0;0.0;N;N;1;2013/10/02;4810263360;
188;APOLLO TYRES SOUTH AFRICA [PTY]LTD;APOLL;P O BOX 925;DURBAN;4000;;;;;;;;;;;;1;0.0;0.0;0.0;0.0;0.0;0.0;0.0;0.0;0.0;0.0;0.0;0.0;0.0;;0.0;20000.0;N;1;;0;0.0;N;N;1;2013/10/31;4380196925;
189;BEN BOOYSEN AIRCONDITIONING AND REFRIGER;BEN;P O BOX 11226;DORPSPRUIT;;3206;333 424 911;;333 427 310;lerisha@benbooysen.co.za;NETT ACCOUNT;;;;LERISHA;;3;0.0;0.0;0.0;0.0;0.0;0.0;0.0;0.0;0.0;0.0;0.0;0.0;0.0;;0.0;15000.0;N;1;;30;0.0;N;N;4;2013/11/06;4040259154;
212;MAZEPPA;MAZ;3 RAVINE ROAD;BANTRY BAY;CAPETOWN;;314330558;;;felicity@revolutiontyres.com;;;;;FELICITY;;16;0.0;0.0;0.0;0.0;0.0;0.0;0.0;0.0;0.0;0.0;0.0;0.0;0.0;;0.0;500000.0;N;1;;0;0.0;N;N;1;2014/02/11;4070251097;
225;TOYOTA FORKLIFT;TOYOT;POSTNET SUITE 177;PRIVATE BAG X6;CASCADES;3202;033-3863373;0839630102 SERE;;reneeshas@cfaoequipment.co.za;;;;NETT ACCOUNT;RENEESHA/SEREENA;;1;17498.53;2690.02;11606.52;5892.01;0.0;0.0;0.0;0.0;2339.15;64530.6;845.96;19041.77;5892.01;2026/02/04;0.0;40000.0;N;1;;30;0.0;N;N;2;2014/02/12;4770109496;
266;THE ST JOHNS HIGH SCHOOL TRUST;ST JO;T/A ST JOHNS DSG;PRIVATE BAX X4;SCOTTSVILLE;3201;333 868 304;;333 868 945;haighk@stjohnsdsg.com;;30 DAYS NETT;;;MRS K HAIGH;;1;0.0;0.0;0.0;0.0;0.0;0.0;0.0;0.0;0.0;0.0;0.0;0.0;0.0;;0.0;10000.0;N;1;;0;0.0;N;N;1;2014/06/27;;
2;SUMMIT AUTO TRADING [PTY]LTD*NEW OWN*;X;FURY SUZUKI PIETERMARITZB;290 BOOM STREET;PMBURG;3201;;;;thereset@fury.co.za;;;;;DAN;;1;0.0;0.0;0.0;0.0;0.0;0.0;0.0;0.0;0.0;0.0;0.0;0.0;3300.01;2021/07/31;0.0;2.0;N;1;;30;0.0;N;N;2;2014/10/15;4950237968;
232;RAVEN AUTO CENTRE [PTY]LTD;RAVEN;PO BOX 11155;DORPSPRUIT;3206;;033-3949628;;866700151;ravenautocentre@sai.co.za;;;;NETT ACCOUNT;HANNAH;;1;0.0;0.0;0.0;0.0;0.0;0.0;0.0;0.0;0.0;0.0;0.0;0.0;2080.05;2019/09/28;0.0;10000.0;N;1;;30;0.0;N;N;3;2015/09/11;4750265128;
238;AUTO MAGIC [PTY]LTD;AUTO;REG:1993/005785/01;;;;;;866242561;vap@tiga.co.za;;;;861112607;;;1;0.0;0.0;0.0;0.0;0.0;0.0;0.0;0.0;0.0;0.0;0.0;0.0;0.0;;0.0;10000.0;N;1;;0;0.0;N;N;2;2015/09/15;4760173189;
256;HI-Q TYRE N TUBE PMB;HIQTY;TYRE N TUBE PMB CC;171 GREYLING STREET;PIETERMARITZBURG;3201;033-3946988;033-3947366;033-3423712;dave.hiq@sai.co.za;;;;;;;1;13768.9;2321.44;13768.9;0.0;0.0;0.0;0.0;0.0;2018.64;-3748.43;77.64;5988.45;1600.73;2025/05/16;0.0;0.0;N;1;;30;0.0;N;N;3;2015/10/01;4760169245;
272;AKANI MSUNDUZI [PTY] LTD T/A;GOLDE;GOLDEN HORSE CASINO;PRIVATE BAG X10;SCOTTSVILLE;3209;033-3958121;033-3958000;033-3958100;goldenhorse.ghcaccounts@tsogosun.com;;;;NETT ACCOUNT;MAX/LINDI;;1;0.0;0.0;0.0;0.0;0.0;0.0;0.0;0.0;0.0;0.0;0.0;0.0;2200.01;2021/12/08;0.0;20000.0;N;1;;30;0.0;N;N;3;2015/10/15;4910192345;
43;WILD BREAK 1107CC T/A TYRE RACK;TYRE;COMMERCIAL ROAD;PMBURG;3201;;033-3425923;;;lford@axxess.co.za;;;;;KREESHAN;;1;0.0;0.0;0.0;0.0;0.0;0.0;0.0;0.0;0.0;0.0;0.0;0.0;2213.26;2024/07/31;0.0;25000.0;N;1;;30;0.0;N;N;3;2021/09/29;4910201120;
44;SUZUKI PIETERMARITZBURG [PENDING APP];SUZUK;HATFIELD HOLDINGS PTY LTD;REG: 2006/027767/07;290 BOOM STR, PMB;3201;033-3456287;;;desireew@hatfieldgroup.co.za;;;;;THERESE;;1;0.0;0.0;0.0;0.0;0.0;0.0;0.0;0.0;0.0;28704.47;0.0;8090.67;3180.03;2026/01/30;0.0;30000.0;N;1;;30;0.0;N;N;2;2021/12/03;4190301707;
45;FURY HONDA PMB [PENDING CR APP];HONDA;HATFIELD HOLDINGS PTY LTD;REG: 2006/027767/07;290 BOOM STREET, PMB;3201;033-3456287;;;thereset@fury.co.za;;;;;THERESE;;1;0.0;0.0;0.0;0.0;0.0;0.0;0.0;0.0;0.0;0.0;0.0;0.0;1140.11;2022/01/27;0.0;15000.0;N;1;;30;0.0;N;N;3;2021/12/03;4960301697;
46;FURY FIAT & JEEP PMB [PENDING CR APP];FIAT;HATFIELD HOLDINGS PTY LTD;REG: 2006/027767/07;290 BOOM STREET, PMB;3201;033-0019119;;;thereset@fury.co.za;;;;;THERESE;;1;0.0;0.0;0.0;0.0;0.0;0.0;0.0;0.0;0.0;0.0;0.0;0.0;0.0;;0.0;15000.0;N;1;;30;0.0;N;N;3;2021/12/03;4020301703;
47;CASH SALES;CA;;;;;;;;cathy.hiq@gmail.com;;;;;;;1;0.0;0.0;0.0;0.0;0.0;0.0;0.0;0.0;0.0;0.0;0.0;0.0;0.0;;0.0;0.0;N;1;;0;0.0;N;N;2;2021/12/21;;
48;JATEMA DISTRIBUTORS [PTY] LTD;JATEM;P.O.BOX 11357;DORPSPRUIT;;3206;033-3460040;;;justinn@jatema.co.za;COMP. REG: 2021/609935/07;NETT ACCOUNT;;;JUSTIN;;1;0.0;0.0;0.0;0.0;0.0;0.0;0.0;0.0;0.0;0.0;0.0;0.0;0.0;;0.0;20000.0;N;1;;30;0.0;N;N;3;2022/05/04;4870159698;
219;BESTDRIVE SOUTH AFRICA [PTY]LTD;CON;PO BOX 699;PORT ELIZABETH;6000;;;;;cathy.hiq@sai.co.za;REQUEST FROM MARKETING;RANDS;;REG NO: 2013/059163/07;;;10;2265.32;0.0;2265.32;0.0;0.0;0.0;0.0;0.0;0.0;2186.6;0.0;0.0;0.0;;0.0;0.0;N;1;;0;0.0;N;N;1;2022/11/16;4910263237;
49;KRC TRANSPORT [PTY]LTD;KRC;21 RIVERBEND;UMZIMKHULU;3297;;723835781;;;shawnbiggar23@gmail.com;;;;NETT ACCOUNT;SHAWN;;1;7157.96;60.15;59.65;70.41;95.76;1057.29;5934.5;0.0;0.0;38982.66;0.0;10866.43;1500.0;2026/01/19;0.0;10000.0;N;1;;30;0.0;N;N;2;2023/07/04;;
50;ANIJANFIN CC T/A AUTO-TECH CENTRE;AUTO;47 RETIEF STREET;PMBURG;3201;;837869488;;;autotechcentre99@gmail.com;;;;NETT ACCOUNT;ANIL;;1;0.0;0.0;0.0;0.0;0.0;0.0;0.0;0.0;0.0;0.0;0.0;0.0;3000.0;2024/05/13;0.0;10000.0;N;1;;30;0.0;N;N;3;2023/11/24;NO VAT #;
55;KINNOS LOGISTICS CC **CLOSED** H/O;X;52 DURBAN STREET;GREYTOWN;3251;;727751261;;;kinnoslogistics@gmail.com;;;;NETT ACC;RISHAN;;1;0.0;0.0;0.0;0.0;0.0;0.0;0.0;0.0;0.0;0.0;0.0;0.0;0.0;;0.0;1.0;N;1;;30;0.0;N;N;2;2024/01/03;4550260345;
56;KEY DELTA PIETERMARITZBURG;KEY;PO BOX 1681;PMB;3201;;033-3452542;;;pmbcreditors@keygroup.co.za;;;;;JANET;;1;0.0;0.0;0.0;0.0;0.0;0.0;0.0;0.0;0.0;0.0;0.0;0.0;350.0;2025/01/31;0.0;20000.0;N;1;;30;0.0;N;N;3;2024/01/23;4900152564;
58;MR TYRE [PTY]LTD C.O.D ACC;MRTYR;41 DAHLIA ROAD;PMBURG;3201;;647557070;;;mrtyreservice@yahoo.com;;;;;RUBEN;;1;0.0;0.0;0.0;0.0;0.0;0.0;0.0;0.0;0.0;0.0;0.0;0.0;0.0;;0.0;10000.0;N;1;;4;0.0;N;N;3;2024/02/12;4530308370;
60;AUTO MAGIC PIETERMARITZBURG;AUTOM;230VICTORIA ROAD;PMB;;3200;033-39403492;;;pietermaritzburg@automagic.co.za;;;;NETT ACCOUNT;RENETHA;;1;0.0;0.0;0.0;0.0;0.0;0.0;0.0;0.0;0.0;63415.32;0.0;23793.97;1850.0;2025/12/01;0.0;20000.0;N;1;;30;0.0;N;N;3;2024/07/30;4520262322;
61;REGENCY OFFICE FURNITURE CC;REGEN;24 LINCOLN ROAD;WOODLANDS;PMB;3200;033-3873340;;;regency@sai.co.za;;;;NETT ACCOUNT;VINOLA;;1;0.0;0.0;0.0;0.0;0.0;0.0;0.0;0.0;0.0;12671.75;0.0;3846.61;10772.51;2025/12/08;0.0;40000.0;N;1;;30;0.0;N;N;2;2024/08/12;4200192138;
62;ROCK POWERLINE ELECTRICAL CC;ROCK;11 HALSTEAD ROAD;MKONDENI;PMBURG;3200;333461324;;;rockpl@lantic.net;;;;NETT ACCOUNT;CHERYL;;1;12466.68;0.0;300.0;12166.68;0.0;0.0;0.0;0.0;0.0;162197.18;0.0;51386.02;52630.01;2025/11/26;0.0;40000.0;N;1;;30;0.0;N;N;2;2024/08/13;4710198559;
64;PAY JUST NOW;PAY;3RD FLOOR SUNCLARE BUILD;21 DREYER STREET;CAPE TOWN;;021-3002152;;;;;;;;;;1;5600.01;3400.0;0.0;0.0;0.0;0.0;0.0;0.0;2956.52;138519.77;802.0;45327.94;5277.31;2026/02/05;0.0;50000.0;N;1;;30;0.0;N;N;3;2024/11/06;4510289582;
65;PITOUT'S AUTO PANEL SHOP CC;PITOU;419 GREYLING STREET;PIETERMARITZBURG;3200;;033-3941545;;;accounts.autopanel@telkomsa.net;;;;NETT ACCOUNT;KYASHA;;1;0.0;0.0;0.0;0.0;0.0;0.0;0.0;0.0;0.0;9269.59;0.0;4276.44;300.0;2025/11/12;0.0;20000.0;N;1;;30;0.0;N;N;2;2024/11/20;4060226430;
67;APEX VEHICLE RENTAL [PTY]LTD;APEX;BLOCK C,AINTREE BPARK;DONCASTER & LOCH ROAD;CAPE TOWN;;041-5812269;;;corin.moodley@apexrental.co.za;;;;NETT ACC;CORIN;;1;0.0;0.0;0.0;0.0;0.0;0.0;0.0;0.0;0.0;0.0;0.0;0.0;1450.0;2025/02/10;0.0;20000.0;N;1;;30;0.0;N;N;3;2024/12/19;4080313697;
52;PELICAN SYSTEMS PTY LTD;PELI;P O BOX 40620;REDHILL;;4071;315 637 307;;;jacques@pelican.co.za;;;;;AURELL NAICKER;;1;4949.99;0.0;4949.99;0.0;0.0;0.0;0.0;0.0;0.0;4304.34;0.0;1132.34;;;0.0;30000.0;N;1;;30;0.0;N;N;1;2025/12/09;4830183531;
